entry,title,period,first_line,last_line
01,Title page and April 1793,1793-04,NL-UtHUA_A363349_00002,NL-UtHUA_A363349_489
02,May 1793,1793-05,NL-UtHUA_A363349_490,NL-UtHUA_A363349_955
03,June 1793,1793-06,NL-UtHUA_A363349_956,NL-UtHUA_A363349_1553
04,July 1793,1793-07,NL-UtHUA_A363349_1554,NL-UtHUA_A363349_2228
05,August 1793 and the close of the diary,1793-08,NL-UtHUA_A363349_2228,NL-UtHUA_A363349_2909
06,Letter from Mrs Smith at the Cape 20 August 1793,1793-08,NL-UtHUA_A363349_2911,NL-UtHUA_A363349_3064
07,September 1793,1793-09,NL-UtHUA_A363349_3067,NL-UtHUA_A363349_3326
08,October 1793,1793-10,NL-UtHUA_A363349_3326,NL-UtHUA_A363349_3426
09,November 1793,1793-11,NL-UtHUA_A363349_3426,NL-UtHUA_A363349_3614
10,December 1793 and the year's figures,1793-12,NL-UtHUA_A363349_3614,NL-UtHUA_A363349_3873
11,January 1794,1794-01,NL-UtHUA_A363349_3874,NL-UtHUA_A363349_4489
12,February 1794,1794-02,NL-UtHUA_A363349_4489,NL-UtHUA_A363349_4603
13,March 1794,1794-03,NL-UtHUA_A363349_4604,NL-UtHUA_A363349_4784
14,1 to 9 April 1794 and the journey to the Snake River,1794-04,NL-UtHUA_A363349_4784,NL-UtHUA_A363349_5027
15,Title page and 1 to 27 September 1794,1794-09,NL-UtHUA_A363349_5030,NL-UtHUA_A363349_5517
16,28 September to 31 October 1794,1794-09/1794-10,NL-UtHUA_A363349_5518,NL-UtHUA_A363349_6289
17,November 1794,1794-11,NL-UtHUA_A363349_6290,NL-UtHUA_A363349_6827
18,December 1794 and the year's figures,1794-12,NL-UtHUA_A363349_6828,NL-UtHUA_A363349_7411
19,January 1795,1795-01,NL-UtHUA_A363349_7412,NL-UtHUA_A363349_8181
20,Words of the baptised sisters to the brothers and sisters in Europe January 1795,1795-01,NL-UtHUA_A363349_8182,NL-UtHUA_A363349_8293
21,February 1795,1795-02,NL-UtHUA_A363349_8294,NL-UtHUA_A363349_8889
22,Title page and March 1795,1795-03,NL-UtHUA_A363349_8893,NL-UtHUA_A363349_9334
23,April 1795,1795-04,NL-UtHUA_A363349_9336,NL-UtHUA_A363349_9794
24,May 1795,1795-05,NL-UtHUA_A363349_9795,NL-UtHUA_A363349_10011
25,June 1795,1795-06,NL-UtHUA_A363349_10012,NL-UtHUA_A363349_10251
26,July 1795,1795-07,NL-UtHUA_A363349_10252,NL-UtHUA_A363349_10767
27,August 1795,1795-08,NL-UtHUA_A363349_10767,NL-UtHUA_A363349_10980
28,September 1795,1795-09,NL-UtHUA_A363349_10981,NL-UtHUA_A363349_11153
29,October 1795,1795-10,NL-UtHUA_A363349_11154,NL-UtHUA_A363349_11309
30,1 November to 6 December 1795 and the congregation's figures,1795-11/1795-12,NL-UtHUA_A363349_11310,NL-UtHUA_A363349_11429
31,Title page and 7 to 31 December 1795 and the year's figures,1795-12,NL-UtHUA_A363349_11435,NL-UtHUA_A363349_11723
32,January 1796,1796-01,NL-UtHUA_A363349_11724,NL-UtHUA_A363349_11830
33,February 1796,1796-02,NL-UtHUA_A363349_11831,NL-UtHUA_A363349_12114
34,March 1796,1796-03,NL-UtHUA_A363349_12114,NL-UtHUA_A363349_12196
35,Title pages and 20 to 31 May 1797,1797-05,NL-UtHUA_A363349_12199,NL-UtHUA_A363349_12261
36,June 1797,1797-06,NL-UtHUA_A363349_12262,NL-UtHUA_A363349_12357
37,July 1797,1797-07,NL-UtHUA_A363349_12358,NL-UtHUA_A363349_12396
38,August 1797,1797-08,NL-UtHUA_A363349_12397,NL-UtHUA_A363349_12438
39,September and October 1797,1797-09/1797-10,NL-UtHUA_A363349_12439,NL-UtHUA_A363349_12525
40,November and December 1797 and the year's figures,1797-11/1797-12,NL-UtHUA_A363349_12527,NL-UtHUA_A363349_12821
41,January and February 1798,1798-01/1798-02,NL-UtHUA_A363349_12823,NL-UtHUA_A363349_12957
